,precision,recall,f1-score
0,0.8973536487570168,0.8755868544600939,0.8863366336633662
1,0.8787185354691075,0.9,0.8892319567734466
accuracy,0.8878029710711494,0.8878029710711494,0.8878029710711494
macro avg,0.8880360921130621,0.887793427230047,0.8877842952184064
weighted avg,0.8880288070805025,0.8878029710711494,0.8877854270882696
